{"cameraMode":{"drawMode":0,"name":"Shaded","section":"Shading Mode"},"sceneLighting":false,"audioPlay":false,"sceneViewState":{"showFog":true,"showMaterialUpdate":true,"showSkybox":false,"showFlares":true,"showImageEffects":true,"showParticleSystems":true},"in2DMode":false,"pivot":{"x":13.524089813232422,"y":17.836021423339845,"z":7.980987548828125},"rotation":{"x":0.05103594809770584,"y":-0.8770492672920227,"z":-0.09562242031097412,"w":-0.46803638339042666},"size":14.357870101928711,"orthographic":false}