{"cameraMode":{"drawMode":0,"name":"Shaded","section":"Shading Mode"},"sceneLighting":false,"audioPlay":false,"sceneViewState":{"showFog":true,"showMaterialUpdate":true,"showSkybox":true,"showFlares":true,"showImageEffects":true,"showParticleSystems":true},"in2DMode":false,"pivot":{"x":207.1796875,"y":242.2439422607422,"z":1000.532470703125},"rotation":{"x":-0.005865221843123436,"y":0.9693971872329712,"z":0.023269934579730035,"w":0.24432754516601563},"size":33.532169342041019,"orthographic":false}