{"cameraMode":{"drawMode":0,"name":"Shaded","section":"Shading Mode"},"sceneLighting":false,"audioPlay":false,"sceneViewState":{"showFog":true,"showMaterialUpdate":true,"showSkybox":true,"showFlares":true,"showImageEffects":true,"showParticleSystems":true},"in2DMode":false,"pivot":{"x":466.13037109375,"y":163.5642547607422,"z":65.56417083740235},"rotation":{"x":-0.009601278230547905,"y":-0.007498788647353649,"z":-0.0000735242065275088,"w":0.9999303817749023},"size":22.0,"orthographic":false}