{"cameraMode":{"drawMode":0,"name":"Shaded","section":"Shading Mode"},"sceneLighting":false,"audioPlay":false,"sceneViewState":{"showFog":true,"showMaterialUpdate":true,"showSkybox":true,"showFlares":true,"showImageEffects":true,"showParticleSystems":true},"in2DMode":false,"pivot":{"x":352.9770202636719,"y":346.42718505859377,"z":-287.9698486328125},"rotation":{"x":0.10502254217863083,"y":0.04175051301717758,"z":-0.004413246642798185,"w":0.9935839772224426},"size":10.0,"orthographic":false}