{"cameraMode":{"drawMode":0,"name":"Shaded","section":"Shading Mode"},"sceneLighting":false,"audioPlay":false,"sceneViewState":{"showFog":true,"showMaterialUpdate":true,"showSkybox":true,"showFlares":true,"showImageEffects":true,"showParticleSystems":true},"in2DMode":false,"pivot":{"x":476.1972961425781,"y":416.53033447265627,"z":-458.6025085449219},"rotation":{"x":0.1766704022884369,"y":-0.11219380050897598,"z":0.02071365900337696,"w":0.9777763485908508},"size":22.0,"orthographic":false}