{"cameraMode":{"drawMode":0,"name":"Shaded","section":"Shading Mode"},"sceneLighting":false,"audioPlay":false,"sceneViewState":{"showFog":true,"showMaterialUpdate":true,"showSkybox":true,"showFlares":true,"showImageEffects":true,"showParticleSystems":true},"in2DMode":false,"pivot":{"x":466.8313293457031,"y":164.1040496826172,"z":51.56245040893555},"rotation":{"x":0.010792795568704605,"y":-0.05547294393181801,"z":0.0005993039230816066,"w":0.9984037280082703},"size":8.788838386535645,"orthographic":false}