{"cameraMode":{"drawMode":0,"name":"Shaded","section":"Shading Mode"},"sceneLighting":false,"audioPlay":false,"sceneViewState":{"showFog":true,"showMaterialUpdate":true,"showSkybox":true,"showFlares":true,"showImageEffects":true,"showParticleSystems":true},"in2DMode":false,"pivot":{"x":200.03021240234376,"y":240.5731201171875,"z":1010.9974975585938},"rotation":{"x":-0.038817211985588077,"y":-0.9571086764335632,"z":0.15288759768009187,"w":-0.24307017028331757},"size":8092.75634765625,"orthographic":false}