{"cameraMode":{"drawMode":0,"name":"Shaded","section":"Shading Mode"},"sceneLighting":false,"audioPlay":false,"sceneViewState":{"showFog":true,"showMaterialUpdate":true,"showSkybox":true,"showFlares":true,"showImageEffects":true,"showParticleSystems":true},"in2DMode":false,"pivot":{"x":523.5601196289063,"y":371.913330078125,"z":-730.2017822265625},"rotation":{"x":0.012240458279848099,"y":-0.07524941861629486,"z":0.0013612494803965092,"w":0.9972252249717712},"size":22.0,"orthographic":false}