{"cameraMode":{"drawMode":0,"name":"Shaded","section":"Shading Mode"},"sceneLighting":false,"audioPlay":false,"sceneViewState":{"showFog":true,"showMaterialUpdate":true,"showSkybox":true,"showFlares":true,"showImageEffects":true,"showParticleSystems":true},"in2DMode":false,"pivot":{"x":4433.283203125,"y":4697.6875,"z":1288.83251953125},"rotation":{"x":-0.36500245332717898,"y":0.6349107623100281,"z":-0.4881998598575592,"w":-0.47470027208328249},"size":9.679914474487305,"orthographic":false}