{"cameraMode":{"drawMode":0,"name":"Shaded","section":"Shading Mode"},"sceneLighting":false,"audioPlay":false,"sceneViewState":{"showFog":true,"showMaterialUpdate":true,"showSkybox":true,"showFlares":true,"showImageEffects":true,"showParticleSystems":true},"in2DMode":false,"pivot":{"x":4447.48974609375,"y":4760.44775390625,"z":1294.05224609375},"rotation":{"x":-0.3402397036552429,"y":0.607257068157196,"z":-0.32195845246315,"w":-0.641743004322052},"size":9.679914474487305,"orthographic":false}