{"cameraMode":{"drawMode":0,"name":"Shaded","section":"Shading Mode"},"sceneLighting":false,"audioPlay":false,"sceneViewState":{"showFog":true,"showMaterialUpdate":true,"showSkybox":true,"showFlares":true,"showImageEffects":true,"showParticleSystems":true},"in2DMode":false,"pivot":{"x":-28.0349063873291,"y":336.24176025390627,"z":745.6907348632813},"rotation":{"x":-0.09358856827020645,"y":-0.8803772926330566,"z":0.19478850066661836,"w":-0.42234888672828677},"size":5.189284324645996,"orthographic":false}