{"cameraMode":{"drawMode":0,"name":"Shaded","section":"Shading Mode"},"sceneLighting":false,"audioPlay":false,"sceneViewState":{"showFog":true,"showMaterialUpdate":true,"showSkybox":true,"showFlares":true,"showImageEffects":true,"showParticleSystems":true},"in2DMode":false,"pivot":{"x":210.70358276367188,"y":239.471923828125,"z":1000.16943359375},"rotation":{"x":0.019432028755545617,"y":0.935192883014679,"z":-0.05195659026503563,"w":0.34976714849472048},"size":31.940237045288087,"orthographic":false}