{"cameraMode":{"drawMode":0,"name":"Shaded","section":"Shading Mode"},"sceneLighting":false,"audioPlay":false,"sceneViewState":{"showFog":true,"showMaterialUpdate":true,"showSkybox":true,"showFlares":true,"showImageEffects":true,"showParticleSystems":true},"in2DMode":false,"pivot":{"x":674.81689453125,"y":526.9060668945313,"z":-992.9581298828125},"rotation":{"x":0.03330220654606819,"y":0.028176279738545419,"z":-0.0005719860782846808,"w":0.9991820454597473},"size":22.0,"orthographic":false}